account_id,network_id,site_id,reason,score,device_id_value ,device_id_type,ip_address,type
2270,,,They Smelled,100,fab33c86-ef12-45fc-9296-23572ea2f2f6,adid,,device_id
2270,,,They Smelled,100,531f2b66-c76b-400d-8cb3-88de1646184a,adid,,device_id
2270,,,They Smelled,100,a3a15bae-256d-48be-bd36-42be0e3139a6,adid,,device_id
2270,,,They Smelled,100,4b9ee4e2-d641-4bd3-bd7f-636aa9991621,adid,,device_id
2270,,,They Smelled,100,62269120-e342-4cf5-9c41-476c978f6cc3,adid,,device_id
2270,,,They Smelled,100,26707672-9131-43c3-b7ad-44fcaa331887,adid,,device_id
2270,,,They Smelled,100,63a7d7f3-be81-42fa-a54e-1aed081d1f26,adid,,device_id
2270,,,They Smelled,100,756ab93a-a073-4c90-934e-cbc5d78cdaaa,adid,,device_id
2270,,,They Smelled,100,405fff93-8e1d-47c8-8011-57e08cac1df3,adid,,device_id
2270,,,They Smelled,100,4dd1d296-c59c-4641-a759-7f6fb9c37a0e,adid,,device_id
2270,,,They Smelled,100,9eea2d23-f1a3-4b08-a796-ad449fd91776,adid,,device_id
2270,,,They Smelled,100,2eba7575-88af-4ffa-aefd-fb97c6862c77,adid,,device_id
2270,,,They Smelled,100,496ad5bd-8eb5-48a1-abec-825b8066e70b,adid,,device_id
2270,,,They Smelled,100,0f739b5e-ec3e-497e-a982-b877fb34d39c,adid,,device_id
2270,,,They Smelled,100,b617f0a3-e244-42c7-8b74-069bf9aef170,adid,,device_id
2270,,,They Smelled,100,B0AE7F02-0422-4D99-A3E5-1465B03B9CB9,adid,,device_id
2270,,,They Smelled,100,a0bbded8-fa90-4308-bfce-69dbd119a418,adid,,device_id
2270,,,They Smelled,100,84df471b-26b0-478e-928c-53aa3cdfb425,adid,,device_id
2270,,,They Smelled,100,086bb88b-83ae-4803-91b2-8e468a2a06e6,adid,,device_id
2270,,,They Smelled,100,1cf5aad8-e5b8-410d-b174-129a72c21339,adid,,device_id
2270,,,They Smelled,100,3e5f25d4-db4b-4d23-8990-c9c57b09eb64,adid,,device_id
2270,,,They Smelled,100,54b42846-55d8-42a4-8368-1de514e7f865,adid,,device_id
2270,,,They Smelled,100,bd4ca5c3-3430-45f4-aae6-c6fb10fb3ed1,adid,,device_id
2270,,,They Smelled,100,1aabaf9c-302a-4bc4-968b-028584774774,adid,,device_id
2270,,,They Smelled,100,0ce91444-f743-402f-bd2a-cd128528a1a5,adid,,device_id
2270,,,They Smelled,100,2e44ccf4-23ad-42bd-96a9-4b12fd236554,adid,,device_id
2270,,,They Smelled,100,05df1efc-1581-42e6-9ed5-6251c345a6e6,adid,,device_id
2270,,,They Smelled,100,40f00982-1168-4104-a197-cd6a0c021094,adid,,device_id
2270,,,They Smelled,100,94762add-b59a-4f50-a1f6-753b49e6bbf9,adid,,device_id
2270,,,They Smelled,100,09e1c3e8-2f2e-4ef2-9dcc-660ad23353bc,adid,,device_id
2270,,,They Smelled,100,39c99bf3-4c0c-4534-b3f0-f461501dcdda,adid,,device_id
2270,,,They Smelled,100,0d2affb3-d070-4233-9f7b-ba32d2a49148,adid,,device_id
2270,,,They Smelled,100,1ac65ce6-4417-4898-a8a8-54a7b0a00574,adid,,device_id
2270,,,They Smelled,100,bad06f02-4532-4053-bea7-0fea07a57e66,adid,,device_id
2270,,,They Smelled,100,2df87e43-7bf2-458c-9678-61fcd2220288,adid,,device_id
2270,,,They Smelled,100,78fc9f1a-fcbd-4668-80f4-00710d7fe4bf,adid,,device_id
2270,,,They Smelled,100,7171c759-d1dd-4812-a6d1-39eb92d8e9d9,adid,,device_id
2270,,,They Smelled,100,61750101-ec4a-43c0-96ad-b6167d31f7b9,adid,,device_id
2270,,,They Smelled,100,596a6074-82c3-4386-b24c-2ccd95e9d9c1,adid,,device_id
2270,,,They Smelled,100,09386cbe-f1ef-4c99-9beb-c088156e7c8c,adid,,device_id
2270,,,They Smelled,100,1f3f7e2d-72c3-4939-b36f-4294fcc30fbf,adid,,device_id
2270,,,They Smelled,100,9d7e7206-0096-4bb3-94d8-0b321f4893a9,adid,,device_id
2270,,,They Smelled,100,1508c348-6ff4-4a38-b25c-bac0916b0a00,adid,,device_id
2270,,,They Smelled,100,081ce93e-0a0c-4072-9153-0fc182ee2c8e,adid,,device_id
2270,,,They Smelled,100,24c87f8a-b150-4b13-b13b-c6c0b36474ed,adid,,device_id
2270,,,They Smelled,100,04a43559-61e3-453e-b350-24e49d1fd8b0,adid,,device_id
2270,,,They Smelled,100,a703c4ae-08ed-471d-a6b7-77bedc7e4b4e,adid,,device_id
2270,,,They Smelled,100,838db7c3-5372-4a9f-8c9d-fab1de5ffe73,adid,,device_id
2270,,,They Smelled,100,1772eaaa-8d5c-48d1-abff-cfe11eb34924,adid,,device_id
2270,,,They Smelled,100,2e246de5-afcb-4aa7-8483-4e48abbaf6d9,adid,,device_id
2270,,,They Smelled,100,44b9d5b7-044f-4083-96b0-35257665d186,adid,,device_id
2270,,,They Smelled,100,59681863-6544-4373-b6b0-f34dc897ef1a,adid,,device_id
2270,,,They Smelled,100,98475026-2116-458d-982f-98d7c8a2691e,adid,,device_id
2270,,,They Smelled,100,a426865c-c774-466a-ba42-2c7b7b00627c,adid,,device_id
2270,,,They Smelled,100,d893ec3e-06eb-4ba1-81b2-72d5bc18dba9,adid,,device_id
2270,,,They Smelled,100,b4b5bf2c-6bb7-4a66-af89-b4c202c22e0a,adid,,device_id
2270,,,They Smelled,100,b38f2731-cdee-4c44-8af0-b879bd32e6f7,adid,,device_id
2270,,,They Smelled,100,7d6ca762-a880-42a3-a69b-9513a06257a6,adid,,device_id
2270,,,They Smelled,100,26386e30-4813-4c57-b83c-efb0c3deff4f,adid,,device_id
2270,,,They Smelled,100,349b2fef-bc1a-45e5-99cd-b6aa1b956884,adid,,device_id
2270,,,They Smelled,100,55c2e565-b53c-45a8-b958-97a5d7ee6de6,adid,,device_id
2270,,,They Smelled,100,01fcbaaf-49fe-4c92-97b7-282185490fb6,adid,,device_id
2270,,,They Smelled,100,098136e4-a46c-427f-b974-c3ea1133c461,adid,,device_id
2270,,,They Smelled,100,1295998f-9f04-43b1-9c95-8601a762d0b6,adid,,device_id
2270,,,They Smelled,100,087e1aef-f2ec-445f-b908-db9ed0fc678f,adid,,device_id
2270,,,They Smelled,100,ab5fe63a-6dfa-466c-89b0-173267137970,adid,,device_id
2270,,,They Smelled,100,55955922-17dd-4086-81ff-aef01223e639,adid,,device_id
2270,,,They Smelled,100,0d97d231-eb44-4797-b787-80296ff323b9,adid,,device_id
2270,,,They Smelled,100,3fd8f44a-57e5-49a5-8318-02144f6f1509,adid,,device_id
2270,,,They Smelled,100,9ea130ba-7b49-4630-8ff8-ca28b18adfd7,adid,,device_id
2270,,,They Smelled,100,311b614f-8900-48cb-86dc-ffef53d1908c,adid,,device_id
2270,,,They Smelled,100,0d9526ac-93f9-421c-9422-38b3a42b3df9,adid,,device_id
2270,,,They Smelled,100,31fbf939-ae30-4552-8fda-e1443e8e0eaf,adid,,device_id
2270,,,They Smelled,100,5aa50f32-76e2-440f-b43f-197ac9fe4563,adid,,device_id
2270,,,They Smelled,100,749b88ab-2795-4f9e-ada2-a0f6e8bd8476,adid,,device_id
2270,,,They Smelled,100,0ae1d015-a51f-42ab-acc8-86269f29fb64,adid,,device_id
2270,,,They Smelled,100,589f6a8c-fcf7-4bcc-8e57-71f8e15ad75f,adid,,device_id
2270,,,They Smelled,100,930bc661-cf1f-49d1-8b2c-6b2b405d6677,adid,,device_id
2270,,,They Smelled,100,4bc8a632-7379-4267-836b-ff7cf18c4d20,adid,,device_id
2270,,,They Smelled,100,3ff7fe07-14ff-42e6-a38b-86c87f781f48,adid,,device_id
2270,,,They Smelled,100,79e2b3f9-abbb-4395-b556-13604b7a905e,adid,,device_id
2270,,,They Smelled,100,a946d626-06cd-42af-ba7e-9574d9907909,adid,,device_id
2270,,,They Smelled,100,5d713e11-c8a7-4608-8b02-7081634d2f8f,adid,,device_id
2270,,,They Smelled,100,5dc92e31-d678-4301-95d1-8c3b5a7ef134,adid,,device_id
2270,,,They Smelled,100,5aa00312-75f4-4269-a914-c3be5f2f6ab6,adid,,device_id
2270,,,They Smelled,100,8648666d-b646-4d6b-9f7e-938ac13b1e18,adid,,device_id
2270,,,They Smelled,100,0e2ecee8-e3a5-493a-a868-a451ba4562ef,adid,,device_id
2270,,,They Smelled,100,cf3f967d-b423-4685-995c-11e76431ad13,adid,,device_id
2270,,,They Smelled,100,4e2c31c1-d799-4d9b-9d5b-3cf47cfb183e,adid,,device_id
2270,,,They Smelled,100,916c7350-193a-47e9-a5f7-f73aee0c4c36,adid,,device_id
2270,,,They Smelled,100,b322d643-59c9-4df8-a5d3-c7076a86c5fe,adid,,device_id
2270,,,They Smelled,100,8e526bce-abfe-4374-9517-aeedfd6b9a76,adid,,device_id
2270,,,They Smelled,100,e090468c-0a66-4756-95f8-85afd77d0669,adid,,device_id
2270,,,They Smelled,100,c7f4a29e-bc99-436c-9553-3921e8cec080,adid,,device_id
2270,,,They Smelled,100,e7fe387e-00f1-487c-80d9-d75f528267a0,adid,,device_id
2270,,,They Smelled,100,f38678df-3539-4609-b06e-64afd57f195a,adid,,device_id
2270,,,They Smelled,100,616c78f1-fd00-4b5a-9934-f4afd153fb78,adid,,device_id
2270,,,They Smelled,100,56174ad2-1f7e-484f-8d47-71635922a5b9,adid,,device_id
2270,,,They Smelled,100,63f05291-bd0d-473f-a21a-f0aa4443300d,adid,,device_id
2270,,,They Smelled,100,29595b0b-4abc-4c1b-b24f-122951d7c487,adid,,device_id
2270,,,They Smelled,100,a9115479-675b-46a0-8b02-51d4c010c45b,adid,,device_id
2270,,,They Smelled,100,25d04cbb-d1e9-4e09-bf58-8b41d1f4f625,adid,,device_id
2270,,,They Smelled,100,d7129e75-6a9f-44a2-a7db-2d69ea3816fd,adid,,device_id
2270,,,They Smelled,100,705f14d9-40a2-4293-b653-3f51e1cc1bcb,adid,,device_id
2270,,,They Smelled,100,5135673d-5a52-4820-8084-fa363596df70,adid,,device_id
2270,,,They Smelled,100,aef3b18c-5cee-4fd4-be92-ddd44ee1e658,adid,,device_id
2270,,,They Smelled,100,25ca464d-830f-4417-a4c1-737195f3249e,adid,,device_id
2270,,,They Smelled,100,55f3f504-0219-47af-97a0-00353a39bbdf,adid,,device_id
2270,,,They Smelled,100,51851854-6cea-4b9c-a67b-679514521b6a,adid,,device_id
2270,,,They Smelled,100,485c2d7b-0153-4568-b268-7f5f7acf8562,adid,,device_id
2270,,,They Smelled,100,a90ee417-c1d4-458e-857f-5a45a2fcbea7,adid,,device_id
2270,,,They Smelled,100,b74710b0-73e6-4677-84be-e9ef748e7d42,adid,,device_id
2270,,,They Smelled,100,ea7b77b8-b294-4de6-8118-7c6e36681bd2,adid,,device_id
2270,,,They Smelled,100,10620aab-fbbd-46f4-8e0c-a2b3fd1015f0,adid,,device_id
2270,,,They Smelled,100,2f2c1500-634e-432a-915e-807ea12f57cd,adid,,device_id
2270,,,They Smelled,100,a51b1e03-f9ae-46fa-b189-146688b8f5ea,adid,,device_id
2270,,,They Smelled,100,41eb42c1-f5c6-4a87-938f-40957a8dd93d,adid,,device_id
2270,,,They Smelled,100,d893ec3e-06eb-4ba1-81b2-72d5bc18dba9,adid,,device_id
2270,,,They Smelled,100,30441f6d-c94f-4bb3-91b0-9f7ee7a9adb5,adid,,device_id
2270,,,They Smelled,100,cf436f79-9ee0-4f54-a19a-2e032399c8b7,adid,,device_id
2270,,,They Smelled,100,fab29d02-72a0-4600-885f-911cce9572ee,adid,,device_id
2270,,,They Smelled,100,55f4b935-48da-4b74-ab40-ea354b4a422c,adid,,device_id
2270,,,They Smelled,100,a679b3a2-39a5-4fc5-aacf-a0a7f87be888,adid,,device_id
2270,,,They Smelled,100,18ffe571-d0b4-4f28-9cfa-79b8ec5d5acb,adid,,device_id
2270,,,They Smelled,100,a7609fe0-04c6-4f84-aeb5-d72259b8a60c,adid,,device_id
2270,,,They Smelled,100,88270342-dbb3-4cee-b9c1-3f22c1497a14,adid,,device_id
2270,,,They Smelled,100,2ce6c765-4398-4336-8ba5-f806e177e3ae,adid,,device_id
2270,,,They Smelled,100,8a596d04-4142-4b5e-aeeb-90ec10f57bab,adid,,device_id
2270,,,They Smelled,100,1f7a65ba-5624-4783-bca9-46d7a1221ed7,adid,,device_id
2270,,,They Smelled,100,2de755d0-29df-40c8-b0c9-b94b63ef29cf,adid,,device_id
2270,,,They Smelled,100,b2f01c5d-3471-41de-9170-bbdcd9d0f6b7,adid,,device_id
2270,,,They Smelled,100,a330c255-74d0-41db-8612-3a8ee1890af3,adid,,device_id
2270,,,They Smelled,100,d680e1a6-c4cc-410a-a62f-629fad905a77,adid,,device_id
2270,,,They Smelled,100,e1244940-e0ee-48bb-a3f0-6e77d6bda07e,adid,,device_id
2270,,,They Smelled,100,bc6a72df-cec2-4765-bb46-8d3b3317ec32,adid,,device_id
2270,,,They Smelled,100,d1d4db44-2487-4797-b811-cc4e591803f9,adid,,device_id
2270,,,They Smelled,100,c016ff73-8fa3-4f6e-bf25-7c84542d90e9,adid,,device_id
2270,,,They Smelled,100,be78b6b6-0ada-474a-ae5d-aab278e2cf28,adid,,device_id
2270,,,They Smelled,100,7e22c0b6-e555-49a9-a945-002392b59bad,adid,,device_id
2270,,,They Smelled,100,bdeecf24-ceb7-49d6-b359-2515ac73e5e1,adid,,device_id
2270,,,They Smelled,100,01c8f445-d8b2-4de3-b0de-7a3e8a41fa1e,adid,,device_id
2270,,,They Smelled,100,b66c8ab0-0677-4262-a247-4bd0c1657078,adid,,device_id
2270,,,They Smelled,100,71a9753a-e8b6-40c9-8447-cd9443c1721a,adid,,device_id
2270,,,They Smelled,100,1f0157cd-d50e-4ad0-9b81-6f4b4b52d612,adid,,device_id
2270,,,They Smelled,100,473ab781-92aa-4b33-bed6-cd302b14f38a,adid,,device_id
2270,,,They Smelled,100,3fedf4d0-cdd9-4f00-a2a9-766825fd06cf,adid,,device_id
2270,,,They Smelled,100,29fdcb2a-2399-4df8-ad7f-1fe685f1ecf5,adid,,device_id
2270,,,They Smelled,100,268a0f80-d026-4d67-a52d-4f4a66d8bc55,adid,,device_id
2270,,,They Smelled,100,34feb49b-17ca-4d97-a184-2ab73410d28f,adid,,device_id
2270,,,They Smelled,100,84e8d6a6-2508-4256-9e20-4747e6edfbd2,adid,,device_id
2270,,,They Smelled,100,a221860f-5cb5-4ff0-ba58-5d30b49ea7bf,adid,,device_id
2270,,,They Smelled,100,5a7f1aec-8e29-488d-93c1-e75d67b154bd,adid,,device_id
2270,,,They Smelled,100,3d70354d-d566-4de4-a65b-105a6692187c,adid,,device_id
2270,,,They Smelled,100,25c8a5cb-71af-4928-acd1-ee641f9ce0c9,adid,,device_id
2270,,,They Smelled,100,518aaa03-601d-4da8-960f-f2438fe41611,adid,,device_id
2270,,,They Smelled,100,6355a8e1-ff74-4cee-9d1a-2889bce8690c,adid,,device_id
2270,,,They Smelled,100,959a2baa-913c-4106-81ac-47f66938cd20,adid,,device_id
2270,,,They Smelled,100,64064d56-027f-41f6-bfc6-0c63df7ab5a9,adid,,device_id
2270,,,They Smelled,100,68ca95cc-a9aa-4393-9cd1-50696c22aeea,adid,,device_id
2270,,,They Smelled,100,1f15192e-7abe-4ca7-8489-669b1da44e1f,adid,,device_id
2270,,,They Smelled,100,4f5671d8-d865-47d1-b4dd-28061e72f659,adid,,device_id
2270,,,They Smelled,100,8331be46-bb1e-4f0a-83af-bf2888f3a5e5,adid,,device_id
2270,,,They Smelled,100,a2f9534a-77fe-40e6-8aa2-c49507dbfc11,adid,,device_id
2270,,,They Smelled,100,33943fe6-6f12-46db-97b3-ceec3eda2c12,adid,,device_id
2270,,,They Smelled,100,1806e2b3-f561-42f7-86ec-86bfc5a3ce16,adid,,device_id
2270,,,They Smelled,100,24d50431-ea2a-4c70-9d8e-29a9653411b0,adid,,device_id
2270,,,They Smelled,100,91cbfbd6-ef59-4222-8d7f-c9dd4a774c41,adid,,device_id
2270,,,They Smelled,100,9dfe7fbb-da18-4743-918e-d32d3f991af5,adid,,device_id
2270,,,They Smelled,100,8e00fa97-e09e-482e-96fa-25e571c40114,adid,,device_id
2270,,,They Smelled,100,469723cb-791f-449a-965d-d36df9acb6dd,adid,,device_id
2270,,,They Smelled,100,014aff33-b7f4-41ce-ae27-6600bf0132b6,adid,,device_id
2270,,,They Smelled,100,629cc72e-033e-4739-ad6e-75cbc5d1508c,adid,,device_id
2270,,,They Smelled,100,08373440-d213-4e1f-a0de-d76d5f6d9c99,adid,,device_id
2270,,,They Smelled,100,e59c4678-b718-4801-b4be-41f2aacc6544,adid,,device_id
2270,,,They Smelled,100,06081a4c-d763-4b12-9367-3fa052f434b5,adid,,device_id
2270,,,They Smelled,100,6b24eb15-2269-465c-9990-b216a0ba93c9,adid,,device_id
2270,,,They Smelled,100,9d3d4069-659d-47a8-8f5a-829d13dd869c,adid,,device_id
2270,,,They Smelled,100,a9755306-174c-4b22-beff-7af6bd54d53d,adid,,device_id
2270,,,They Smelled,100,ba36877f-18cb-4eb9-b1c3-a3af32bf3140,adid,,device_id
2270,,,They Smelled,100,000aaf9c-2e0c-4c35-8294-5aee33305045,adid,,device_id
2270,,,They Smelled,100,35c91644-547c-4019-8e8a-94854cb55863,adid,,device_id
2270,,,They Smelled,100,a5fe2b1e-aaf9-450a-8b2b-19ef85ebcd04,adid,,device_id
2270,,,They Smelled,100,a372100b-a6d7-43c5-b2e6-dc2fea5f528c,adid,,device_id
2270,,,They Smelled,100,b690f64c-5ad2-4d45-8a8f-ea583045e730,adid,,device_id
2270,,,They Smelled,100,8516f1d7-7529-418e-a3c6-00ae7fced951,adid,,device_id
2270,,,They Smelled,100,170dca90-60d2-4942-82ef-6d76499bfa60,adid,,device_id
2270,,,They Smelled,100,1be5066f-2ea6-480e-a4bd-1f895dea4601,adid,,device_id
2270,,,They Smelled,100,5fed1117-6d26-45de-a74c-6aa31887271d,adid,,device_id
2270,,,They Smelled,100,82ad21a7-ad81-4867-a0da-f8fd6d99978c,adid,,device_id
2270,,,They Smelled,100,69dda05b-3a80-462b-a373-3114fd2dbf38,adid,,device_id
2270,,,They Smelled,100,60bd9154-34bb-457b-bcf1-a3f8d5a771af,adid,,device_id
2270,,,They Smelled,100,6bf6e2b1-36cf-4781-988b-9d469830ba2c,adid,,device_id
2270,,,They Smelled,100,9d15a53e-a0e3-4132-8ab8-71ca2b287019,adid,,device_id
2270,,,They Smelled,100,3302ab97-4dea-47bf-ac83-6b8f8abed114,adid,,device_id
2270,,,They Smelled,100,40fdc1bb-b780-4c4d-8908-0a14122e8e09,adid,,device_id
2270,,,They Smelled,100,4c4a885b-15d5-4860-8164-22db6548f080,adid,,device_id
2270,,,They Smelled,100,2224dd14-28ae-4dd0-a43a-ffa150e51296,adid,,device_id
2270,,,They Smelled,100,3b0aee5e-0ddb-4019-8017-c2f28c7c77f4,adid,,device_id
2270,,,They Smelled,100,5e678430-af4f-4a53-81bf-93785b69c428,adid,,device_id
2270,,,They Smelled,100,def61c9c-45d0-40ef-a637-b193eb8e2926,adid,,device_id
2270,,,They Smelled,100,8d912239-babb-44d8-a3ec-73c7e37f7828,adid,,device_id
2270,,,They Smelled,100,c69543d8-4609-49cb-a117-27ccb72d9168,adid,,device_id
2270,,,They Smelled,100,643a3948-db1d-4ef2-a746-2827b5901044,adid,,device_id
2270,,,They Smelled,100,aea96932-234f-491d-8db3-d5a9cc3dfd97,adid,,device_id
2270,,,They Smelled,100,42747f7d-5210-4995-b07f-45c899027b38,adid,,device_id
2270,,,They Smelled,100,222cba81-b32c-4a2e-8776-5db291b9d582,adid,,device_id
2270,,,They Smelled,100,81ddc6d9-abd5-4e8d-a6e4-83f02e10cf63,adid,,device_id
2270,,,They Smelled,100,88ef6a9f-07a7-4001-aad3-070dd07946e6,adid,,device_id
2270,,,They Smelled,100,8456037e-89f7-42a3-a8c7-29efa8c1b31e,adid,,device_id
2270,,,They Smelled,100,900c3728-8f2e-4c9e-9f80-bcdb83c22c15,adid,,device_id
2270,,,They Smelled,100,10f631ad-b3d8-40e2-86d3-d7fdf3508ec6,adid,,device_id
2270,,,They Smelled,100,01daee29-818f-4278-a405-bd99637f3f18,adid,,device_id
2270,,,They Smelled,100,79b5c0d5-e476-427c-974f-41e21fc15428,adid,,device_id
2270,,,They Smelled,100,a9c83ba2-fc3c-4ef0-9c20-c962b32e87f6,adid,,device_id
2270,,,They Smelled,100,0a2e95cb-e4c0-4ebe-b399-cbb4b11afc10,adid,,device_id
2270,,,They Smelled,100,3580c4c7-468a-416c-a14f-ab3ce5f29713,adid,,device_id
2270,,,They Smelled,100,d061a57f-9217-4f58-b931-e54e4be45655,adid,,device_id
2270,,,They Smelled,100,731b0294-b41c-41d8-909d-a050c9e21d87,adid,,device_id
2270,,,They Smelled,100,575be616-759d-45d3-8697-527ad39b7e7a,adid,,device_id
2270,,,They Smelled,100,bd98ec78-9d27-4ec0-ac96-62638b5dcf15,adid,,device_id
2270,,,They Smelled,100,b07f0133-d6ed-4201-ab38-ad3d47db909e,adid,,device_id
2270,,,They Smelled,100,0eb5ba0d-20a0-44e6-b6cc-f531c5590ab3,adid,,device_id
2270,,,They Smelled,100,6d0d5968-b201-4e8a-aaa8-5a0d68efa17c,adid,,device_id
2270,,,They Smelled,100,234dcb9b-26d1-4cd2-8586-5732d7c86cce,adid,,device_id
2270,,,They Smelled,100,59dfb5bd-a91d-4f46-bf38-7da996d8dcb1,adid,,device_id
2270,,,They Smelled,100,9bf0941c-adcb-4254-87f5-762d672a90e0,adid,,device_id
2270,,,They Smelled,100,4f8db61d-afd7-43ae-9667-6376d615b63d,adid,,device_id
2270,,,They Smelled,100,27f45aa6-a056-48b0-8a2f-72541d2116fd,adid,,device_id
2270,,,They Smelled,100,997416f1-c6ea-4ab6-892e-407f17963122,adid,,device_id
2270,,,They Smelled,100,6eafed3e-136b-44ed-bee7-c949f49803b6,adid,,device_id
2270,,,They Smelled,100,bca1a222-a258-44a3-93cc-d8c6bfc23adf,adid,,device_id
2270,,,They Smelled,100,df2ea3a5-49ce-4bb1-8373-9e04d09f909e,adid,,device_id
2270,,,They Smelled,100,81b4fab7-fb7d-4710-a7d2-97b4ad0099ad,adid,,device_id
2270,,,They Smelled,100,8537a8fc-4f92-4411-8b63-c6a11c634c44,adid,,device_id
2270,,,They Smelled,100,f712f547-ecd7-4743-a981-7b10be93140d,adid,,device_id
2270,,,They Smelled,100,6ac5c6db-94ce-457a-8b92-b0d2d166aa0b,adid,,device_id
2270,,,They Smelled,100,ba4edbef-cd91-498a-865e-37360e1cb633,adid,,device_id
2270,,,They Smelled,100,4d7672fc-0a88-4cbf-ae5e-85a4250f19e9,adid,,device_id
2270,,,They Smelled,100,2b968b25-4790-4afd-8902-5b809f9e3357,adid,,device_id
2270,,,They Smelled,100,8fb93cbc-07c5-456c-ad9c-10ec750ae0ee,adid,,device_id
2270,,,They Smelled,100,9664c6b2-960a-402e-9ddf-4e58a1859613,adid,,device_id
2270,,,They Smelled,100,bc09b663-9087-4d39-b6d2-59c4f9ef05c1,adid,,device_id
2270,,,They Smelled,100,cb1150ba-a849-4526-8e28-40e6e5c690db,adid,,device_id
2270,,,They Smelled,100,11b78306-ad32-468c-9f72-7c273a758cba,adid,,device_id
2270,,,They Smelled,100,8803748c-c997-459a-a50a-f439bf1e6ab1,adid,,device_id
2270,,,They Smelled,100,91a4d38b-24da-4d4f-a97c-158752a78777,adid,,device_id
2270,,,They Smelled,100,24dddd9e-e4f4-4cc0-949c-b88f55e51de2,adid,,device_id
2270,,,They Smelled,100,9656286f-09d6-4df1-b8f3-6eed195f8ad1,adid,,device_id
2270,,,They Smelled,100,b3ad101d-9b08-45a2-b77b-fdf1f0bc4801,adid,,device_id
2270,,,They Smelled,100,a673ffeb-60fd-439c-8758-7dadeb91cfad,adid,,device_id
2270,,,They Smelled,100,4f5c52e3-c6a0-4f3f-bdf9-82cbf3b6054a,adid,,device_id
2270,,,They Smelled,100,7bc872d9-eea7-4ec2-a333-e8678c6e92bd,adid,,device_id
2270,,,They Smelled,100,77334369-5781-4b0c-bc9d-489e0b1ba1ef,adid,,device_id
2270,,,They Smelled,100,3a7badde-7927-45e8-b4d5-c220783a4d82,adid,,device_id
2270,,,They Smelled,100,0c495508-6400-4693-ae45-d2e2d9f96091,adid,,device_id
2270,,,They Smelled,100,3c505efa-db33-48ab-8e8e-714146525497,adid,,device_id
2270,,,They Smelled,100,3b81a5f1-427b-4550-b214-58c33be339b0,adid,,device_id
2270,,,They Smelled,100,43679393-6502-40dc-a182-9871b5521de4,adid,,device_id
2270,,,They Smelled,100,c7149936-57cc-4a5f-bbcf-8212c44891b9,adid,,device_id
2270,,,They Smelled,100,521fcde5-cd4e-41f6-a61f-60c346643ff2,adid,,device_id
2270,,,They Smelled,100,98d9fdb9-c8b9-49f3-8070-74552f00d8f0,adid,,device_id
2270,,,They Smelled,100,3c3a9fb3-d3b5-4b0d-a107-19e3b85d3210,adid,,device_id
2270,,,They Smelled,100,5699a67d-a9d4-4232-9197-ab4fe46168f6,adid,,device_id
2270,,,They Smelled,100,abde58aa-9dc0-4c94-a38c-e8d92d95ff86,adid,,device_id
2270,,,They Smelled,100,101cb9ca-faa0-45b9-9715-22d55dac1e44,adid,,device_id
2270,,,They Smelled,100,313b55c4-3e5d-4681-acbc-bbe989c89524,adid,,device_id
2270,,,They Smelled,100,d49621c3-8150-46d3-a5b0-361829b45747,adid,,device_id
2270,,,They Smelled,100,9c96e8d7-ce7b-4474-a1c5-03c9411902a4,adid,,device_id
2270,,,They Smelled,100,6b7cd5fe-dd0e-457b-ae04-5b58455d8ea4,adid,,device_id
2270,,,They Smelled,100,bf17a394-b69e-456c-a027-791e599c4507,adid,,device_id
2270,,,They Smelled,100,4a08595a-5654-4412-be26-a952e993a05d,adid,,device_id
2270,,,They Smelled,100,5c12d9df-c288-4f66-895c-79460dd6ed72,adid,,device_id
2270,,,They Smelled,100,e21c7e27-fad1-4afb-b163-5f74bea8d011,adid,,device_id
2270,,,They Smelled,100,4eba0a15-e8c4-4116-9bd7-b620b43d93da,adid,,device_id
2270,,,They Smelled,100,68fac21c-d641-4195-8a1f-b9dfa66b7126,adid,,device_id
2270,,,They Smelled,100,c5821d6b-0eb1-461a-8a23-5abde96cbebd,adid,,device_id
2270,,,They Smelled,100,6d86ee46-dc7c-46a3-9cf9-23621926c034,adid,,device_id
2270,,,They Smelled,100,2f8a4854-e0c7-4e51-be82-f8d227e8b7bb,adid,,device_id
2270,,,They Smelled,100,3ce8c97d-584f-4b39-8033-38e2760cb977,adid,,device_id
2270,,,They Smelled,100,085cf25e-f5f2-40ef-a119-435de9894680,adid,,device_id
2270,,,They Smelled,100,11cbb06a-e1d6-4980-a7fe-784a99665110,adid,,device_id
2270,,,They Smelled,100,1c066b9e-1629-4769-a108-b3f5959da751,adid,,device_id
2270,,,They Smelled,100,02ce9bd5-c7c9-4bf3-be6f-ccf235e42591,adid,,device_id
2270,,,They Smelled,100,81e31125-dc3a-4054-ac54-ded72c6a2e6d,adid,,device_id
2270,,,They Smelled,100,8e48b52e-fc88-47f3-9dab-c61b50ce93b2,adid,,device_id
2270,,,They Smelled,100,5569f4e0-e848-46a9-b192-a24886982348,adid,,device_id
2270,,,They Smelled,100,94d497a6-84df-4033-88db-75365112e81e,adid,,device_id
2270,,,They Smelled,100,32421118-afcf-4dd7-8a37-1b9e8bca4168,adid,,device_id
2270,,,They Smelled,100,329f02a5-9719-4c53-a12a-0b6085948e1e,adid,,device_id
2270,,,They Smelled,100,bc8a79c7-112f-4f6e-8ab0-cc620f376466,adid,,device_id
2270,,,They Smelled,100,5350ba26-6934-4b6a-b113-ff82ca8f5e94,adid,,device_id
2270,,,They Smelled,100,bb22f292-9e92-4689-a924-c00e5e5cf59a,adid,,device_id
2270,,,They Smelled,100,befbc47f-a7de-4b9b-8dd7-8213ab018448,adid,,device_id
2270,,,They Smelled,100,6be39cae-434f-412c-bc8f-3651c64771e3,adid,,device_id
2270,,,They Smelled,100,0b99b442-741e-4cf2-b121-31b2b13d5c53,adid,,device_id
2270,,,They Smelled,100,24dda777-63da-4a9a-8d85-a5269e397dd1,adid,,device_id
2270,,,They Smelled,100,b2a337ef-dbb4-4be8-81fb-8d02ceef83b3,adid,,device_id
2270,,,They Smelled,100,98317513-3b16-4cd9-8ba1-c9df09a1bc8f,adid,,device_id
2270,,,They Smelled,100,df916f48-ee0b-4367-a683-2bdf2f9a2f10,adid,,device_id
2270,,,They Smelled,100,e0043b9f-d6e1-4143-aaa1-f4c39b520140,adid,,device_id
2270,,,They Smelled,100,71f70189-ea55-4036-b961-0203ab9b6970,adid,,device_id
2270,,,They Smelled,100,ac4cf3f7-1c55-4412-809c-c64132a0272f,adid,,device_id
2270,,,They Smelled,100,347a4218-f23f-4db0-88b3-7690d28331cb,adid,,device_id
2270,,,They Smelled,100,ae6d8fc6-8ea8-4595-bb63-decb4235d67e,adid,,device_id
2270,,,They Smelled,100,1c5e5e0e-d8c6-42bb-878a-b8b0c8c79738,adid,,device_id
2270,,,They Smelled,100,10c5b638-7846-4b15-a94e-5b52f1d34199,adid,,device_id
2270,,,They Smelled,100,46486cd9-fb1c-4ed5-af6d-f6721fdf562a,adid,,device_id
2270,,,They Smelled,100,4fe2f9f3-fce5-4e22-81b2-b2515cc43f0e,adid,,device_id
2270,,,They Smelled,100,441f2146-a7d8-47a8-a9e1-144ec17349c6,adid,,device_id
2270,,,They Smelled,100,11baf71b-7c4f-4a1a-a4e6-f7d5e4991e72,adid,,device_id
2270,,,They Smelled,100,035c5645-9d23-4102-a61a-147113746c98,adid,,device_id
2270,,,They Smelled,100,1680d5c8-fae3-4c3d-8b1c-99bf7dca7f59,adid,,device_id
2270,,,They Smelled,100,130602e4-ed90-4ddb-8f92-da22ce1b589e,adid,,device_id
2270,,,They Smelled,100,95dd138e-5d2c-441b-b87b-369c9d1d6310,adid,,device_id
2270,,,They Smelled,100,0adf1f13-683e-4bf9-b8bd-eec74cb7c58a,adid,,device_id
2270,,,They Smelled,100,65bb1e3e-9feb-4e17-98d3-52f58ec089a9,adid,,device_id
2270,,,They Smelled,100,0eb72f21-cec8-4929-930c-ff5f3775479d,adid,,device_id
2270,,,They Smelled,100,5f2de406-8faa-4c2a-b231-03cac10cba2c,adid,,device_id
2270,,,They Smelled,100,698a4432-c877-4cb8-9ba9-695078921673,adid,,device_id
2270,,,They Smelled,100,6ac7fdd5-23c7-44c8-9f00-b0506f70adff,adid,,device_id
2270,,,They Smelled,100,583f8fe3-4ddb-4bd4-8844-f1bd90f51a81,adid,,device_id
2270,,,They Smelled,100,ebd655a7-3da4-481d-8e47-f9c10d78fbcf,adid,,device_id
2270,,,They Smelled,100,155a010c-ec74-415d-9086-4cfd3be8de09,adid,,device_id
2270,,,They Smelled,100,200e20c5-4a07-4c17-931a-9c9ae2e3e50a,adid,,device_id
2270,,,They Smelled,100,607a721e-37f4-4de4-aa26-265d8987a4ce,adid,,device_id
2270,,,They Smelled,100,2b403baf-39ff-4b0b-9ecd-cbbb6cb9319d,adid,,device_id
2270,,,They Smelled,100,1527efe2-1dc2-40a2-8938-d9f3891907f8,adid,,device_id
2270,,,They Smelled,100,5cfb8b6c-74da-4fd4-bf6d-3652372d6846,adid,,device_id
2270,,,They Smelled,100,83b8a76b-10df-43ed-81f9-0c47f2f108fd,adid,,device_id
2270,,,They Smelled,100,9e9a9f13-e1fd-4425-9245-ef92d5338e45,adid,,device_id
2270,,,They Smelled,100,533d4678-71d4-4fa2-9a14-21c8a8727e36,adid,,device_id
2270,,,They Smelled,100,326f3d5b-7069-447d-aec9-af95f4650a3c,adid,,device_id
2270,,,They Smelled,100,34e8117f-6361-4d0a-91aa-78d91baf1247,adid,,device_id
2270,,,They Smelled,100,112d7fce-5f02-4a9a-b1a2-73afae0a4f94,adid,,device_id
2270,,,They Smelled,100,6afdd2db-e414-4d1e-af0a-efa3208db0b5,adid,,device_id
2270,,,They Smelled,100,b8784020-f1af-47f1-8494-2e749aec0d86,adid,,device_id
2270,,,They Smelled,100,051fdc80-858a-4186-b401-bf9b57e2bf13,adid,,device_id
2270,,,They Smelled,100,f3a8793b-9875-41f3-8d22-144440bc7718,adid,,device_id
2270,,,They Smelled,100,a9dda8ac-2cfa-420a-8647-8eb54d4cb836,adid,,device_id
2270,,,They Smelled,100,6323b913-749b-4f0a-87bd-4124274bef74,adid,,device_id
2270,,,They Smelled,100,4266f6d5-8dd4-4ea1-8cce-c79cd73766a2,adid,,device_id
2270,,,They Smelled,100,3eec5ce0-48f5-4b22-974b-a2b968b692a3,adid,,device_id
2270,,,They Smelled,100,57325343-8a44-46d7-b112-7cf5180cf377,adid,,device_id
2270,,,They Smelled,100,15385700-a352-4a89-863c-2709187d3065,adid,,device_id
2270,,,They Smelled,100,0a09c403-51f4-405f-8725-d1d73331d08c,adid,,device_id
2270,,,They Smelled,100,be574feb-06b7-414e-a63c-9329b7429f5a,adid,,device_id
2270,,,They Smelled,100,162768b0-5df9-457d-b944-4b07f4c507cb,adid,,device_id
2270,,,They Smelled,100,a1d15009-2688-49c5-a840-c1bd109d674f,adid,,device_id
2270,,,They Smelled,100,067ca618-5ac1-4970-89f5-767220c8c53d,adid,,device_id
2270,,,They Smelled,100,e9b37128-d422-458d-90b9-491ce052ef0c,adid,,device_id
2270,,,They Smelled,100,8939fe8c-324d-499b-8906-5c03b718856b,adid,,device_id
2270,,,They Smelled,100,01847636-055f-4d5b-9a6b-19004f61b31d,adid,,device_id
2270,,,They Smelled,100,38fc3a68-3f73-421a-a606-e9be5764d730,adid,,device_id
2270,,,They Smelled,100,4462c493-a515-4d1c-a046-4e439731e4bb,adid,,device_id
2270,,,They Smelled,100,471355c1-56d0-48ce-ae37-1d38dff2aefb,adid,,device_id
2270,,,They Smelled,100,11c0006f-f26f-471f-b41d-a71304269ee3,adid,,device_id
2270,,,They Smelled,100,35f9cbbc-d516-44be-9c28-b7a43acd3de8,adid,,device_id
2270,,,They Smelled,100,97655a0f-5a10-4104-9ab6-0e741a5d1ca6,adid,,device_id
2270,,,They Smelled,100,9f07d1fa-3c73-491d-8f13-ae0e84c4b3e6,adid,,device_id
2270,,,They Smelled,100,e134e30c-a68f-4fbe-8ba9-9d346ff7f1c5,adid,,device_id
2270,,,They Smelled,100,157d493d-48bd-4063-9397-afb5e74ca898,adid,,device_id
2270,,,They Smelled,100,25827dfe-99f9-4994-b1e2-52e4621a158d,adid,,device_id
2270,,,They Smelled,100,d8060a4c-7b9a-46bf-95fd-fc68170fa9e6,adid,,device_id
2270,,,They Smelled,100,3d27edce-2690-46bf-bdda-5b68bd36fcc2,adid,,device_id
2270,,,They Smelled,100,77179267-6fdd-42a3-8af6-4b46715d7f96,adid,,device_id
2270,,,They Smelled,100,47857445-847f-4679-af8d-1f4e1b850046,adid,,device_id
2270,,,They Smelled,100,c7cecbf1-2717-4db3-bcd5-680258dfcf8a,adid,,device_id
2270,,,They Smelled,100,dfa63c0a-68c8-4645-9d0a-b60b6f9213cb,adid,,device_id
2270,,,They Smelled,100,edc48879-727f-4e61-aae0-9353a53da8a8,adid,,device_id
2270,,,They Smelled,100,60d6a7ef-a82a-4075-808c-8f91b75f6612,adid,,device_id
2270,,,They Smelled,100,81f007a8-659e-4b31-b4fa-c71472e1a539,adid,,device_id
2270,,,They Smelled,100,1600ce1e-898c-4ad0-8742-b977614717f5,adid,,device_id
2270,,,They Smelled,100,77bbdaaa-d9f2-40ea-85b0-ff97a543e7b0,adid,,device_id
2270,,,They Smelled,100,6ce7aed3-50d1-4db2-856c-1c3964f6895c,adid,,device_id
2270,,,They Smelled,100,5d6267bc-8a63-475f-b47e-e4be1792c7fc,adid,,device_id
2270,,,They Smelled,100,208e671b-3981-45a9-8412-096fa8aa01d9,adid,,device_id
2270,,,They Smelled,100,7fde1b34-2c44-4b39-89c2-eceb93e825c9,adid,,device_id
2270,,,They Smelled,100,408033d0-3b89-4d6e-a4d7-4d42a2cebdf6,adid,,device_id
2270,,,They Smelled,100,749e723e-150c-4ec3-80e2-b4f935538dc6,adid,,device_id
2270,,,They Smelled,100,9e75868b-f659-49ee-8f09-a6af6effd773,adid,,device_id
2270,,,They Smelled,100,a43997b2-9981-4b0a-84e6-23c7eac2d014,adid,,device_id
2270,,,They Smelled,100,811d7191-0c66-40cb-bacc-a4c175bb8ea3,adid,,device_id
2270,,,They Smelled,100,7238e728-6220-4a66-9290-656fc8e84ab4,adid,,device_id
2270,,,They Smelled,100,73e465d9-3cf8-4dd7-962c-2a0e4a0ed865,adid,,device_id
2270,,,They Smelled,100,5035eea0-6ed6-4934-9e1a-902d4784edbf,adid,,device_id
2270,,,They Smelled,100,9db3b36c-19f6-45ac-9482-bf790c8a5d8c,adid,,device_id
2270,,,They Smelled,100,2ff1340b-5424-4e0d-806d-da821a898900,adid,,device_id
2270,,,They Smelled,100,49ab65a5-179d-4b13-abec-d4b0fd4c116d,adid,,device_id
2270,,,They Smelled,100,a6ffe782-2641-4786-a1a7-5cfb688a5e85,adid,,device_id
2270,,,They Smelled,100,8e20884b-40cc-404f-933e-a705ea6d2c31,adid,,device_id
2270,,,They Smelled,100,3002ffd0-dee4-45ab-a095-9af96a567275,adid,,device_id
2270,,,They Smelled,100,3ca57488-a181-4688-9b83-540a4d4c7848,adid,,device_id
2270,,,They Smelled,100,2fd60619-f960-4413-94b4-993b28a824f3,adid,,device_id
2270,,,They Smelled,100,00fcb21c-848e-4be9-bbca-d403dca8677f,adid,,device_id
2270,,,They Smelled,100,a81a2af7-95ce-42f5-95be-7628f4aefe72,adid,,device_id
2270,,,They Smelled,100,662cb983-e485-49ac-b4bb-3c1a74a782c7,adid,,device_id
2270,,,They Smelled,100,ee0c9101-a8ef-473b-b7eb-e0cb1e0ff2e8,adid,,device_id
2270,,,They Smelled,100,07f2e3c9-9448-4ab0-91ca-e01483a27b1c,adid,,device_id
2270,,,They Smelled,100,ce711afa-99e8-4e50-a474-acf7d1b02df5,adid,,device_id
2270,,,They Smelled,100,6bb7b4d1-4384-45fc-ba3a-62c992289b8e,adid,,device_id
2270,,,They Smelled,100,7d020509-5a3d-4a18-a9ff-667bac690d48,adid,,device_id
2270,,,They Smelled,100,fc5bb178-7caa-492a-a153-6058917f2d2e,adid,,device_id
2270,,,They Smelled,100,a397c5bd-b344-4ac0-8818-b3e7d5fa2e68,adid,,device_id
2270,,,They Smelled,100,18c204f2-f284-400d-af63-0de5d903cec7,adid,,device_id
2270,,,They Smelled,100,188d94cc-e2c7-4a88-af26-541ac3bf860b,adid,,device_id
2270,,,They Smelled,100,36b130d3-c09b-428b-b3b8-2102197bb170,adid,,device_id
2270,,,They Smelled,100,a3e24239-1d9e-4139-b616-0cb729ad269e,adid,,device_id
2270,,,They Smelled,100,43fc954b-4614-41eb-8466-f48a445df756,adid,,device_id
2270,,,They Smelled,100,6de0b440-80d9-4a43-8c7f-9e98cae42900,adid,,device_id
2270,,,They Smelled,100,50442d0f-4478-48bb-aea0-16a162fdface,adid,,device_id
2270,,,They Smelled,100,a16a44c2-45b9-4c1b-bc2a-83ecf0f70124,adid,,device_id
2270,,,They Smelled,100,5ad90224-8380-4d5a-85d0-936bce9f15cf,adid,,device_id
2270,,,They Smelled,100,904f4c3e-1014-4ce6-b834-01d2618b3f0a,adid,,device_id
2270,,,They Smelled,100,8df6d820-e0bc-4bae-b849-fa8cde6893b8,adid,,device_id
2270,,,They Smelled,100,a9231f12-2835-4d1f-8541-875aac51253a,adid,,device_id
2270,,,They Smelled,100,d30316ba-2bca-4549-9981-02a5d95943e2,adid,,device_id
2270,,,They Smelled,100,e55574dd-91b2-4af1-8c31-69885e751efb,adid,,device_id
2270,,,They Smelled,100,0ea35b85-91bc-459d-a260-2187d77204ca,adid,,device_id
2270,,,They Smelled,100,600d1baa-b3da-4a2d-a42b-3f5bf8f9b107,adid,,device_id
2270,,,They Smelled,100,9eb9d7f7-b56e-4788-ba54-cd0b5e4b1470,adid,,device_id
2270,,,They Smelled,100,e4b71413-7179-4709-9f23-6fe6f0ffb1dc,adid,,device_id
2270,,,They Smelled,100,2c3e561d-b2ec-4734-b0a7-bc2312d8bb93,adid,,device_id
2270,,,They Smelled,100,0f89c742-0ce2-43d2-bd5d-377c92ba222d,adid,,device_id
2270,,,They Smelled,100,71f80d7d-ce38-41b9-a161-3aa16356f1b5,adid,,device_id
2270,,,They Smelled,100,18b443ff-351b-416e-b8d6-01a9893ee57d,adid,,device_id
2270,,,They Smelled,100,b7e567f5-5952-4cbd-a37f-d7cb5c19b67d,adid,,device_id
2270,,,They Smelled,100,0b00564d-ae66-4fd3-b24e-a03e4b0e5615,adid,,device_id
2270,,,They Smelled,100,1b587dd1-84e3-4d56-ab45-6bcbe820f1b3,adid,,device_id
2270,,,They Smelled,100,af686949-470a-44c9-bfd0-7837cb67f8d3,adid,,device_id
2270,,,They Smelled,100,838c89b7-f6da-4f7c-9fe5-0ede2e9a2feb,adid,,device_id
2270,,,They Smelled,100,0f1a7691-3030-46a2-a331-29c5a25a90a4,adid,,device_id
2270,,,They Smelled,100,6991a446-8f73-492e-8952-a3779d3a2455,adid,,device_id
2270,,,They Smelled,100,d937e230-f814-46e2-9b21-c3de026fef80,adid,,device_id
2270,,,They Smelled,100,944a2247-1b03-43ef-b495-b4a59cdcbf21,adid,,device_id
2270,,,They Smelled,100,4a94bfa4-1f3b-403e-b873-889f94750500,adid,,device_id
2270,,,They Smelled,100,b342e4c6-a987-40df-a19e-f53920196abb,adid,,device_id
2270,,,They Smelled,100,84131f8a-d61a-488a-b31c-6e5d93bd2536,adid,,device_id
2270,,,They Smelled,100,c90413f2-b7ab-4274-9e05-e6b487837d37,adid,,device_id
2270,,,They Smelled,100,e4c4ef19-7849-4604-adbe-402731b8bfc6,adid,,device_id
2270,,,They Smelled,100,8992b6fd-0158-46e4-8032-6b9cc5b09419,adid,,device_id
2270,,,They Smelled,100,35fbe3cc-dabe-46dd-8d7d-d065337d3966,adid,,device_id
2270,,,They Smelled,100,9428bbf0-6e68-4ca7-a85c-35c1e10da178,adid,,device_id
2270,,,They Smelled,100,fde42bf9-de6f-422f-a446-642f25e64f3a,adid,,device_id
2270,,,They Smelled,100,11c76532-b37d-4ba4-b809-96e943ae0c2b,adid,,device_id
2270,,,They Smelled,100,47f5da0a-9736-43b3-86cf-0aa5149c3dee,adid,,device_id
2270,,,They Smelled,100,648fb341-d4a8-455b-816b-3a2bc8d01d55,adid,,device_id
2270,,,They Smelled,100,5b93d733-96c6-46e1-b6e4-d0b06e944b90,adid,,device_id
2270,,,They Smelled,100,a8630e97-625c-40ed-b354-4f70a26df792,adid,,device_id
2270,,,They Smelled,100,ac7d339f-3a87-4fa3-a8c9-c4eed23ec346,adid,,device_id
2270,,,They Smelled,100,ad2da219-c3b6-4244-8d66-ad122b8de4ea,adid,,device_id
2270,,,They Smelled,100,4e1b2bfa-61b7-4dde-badb-e7f6e1ea666d,adid,,device_id
2270,,,They Smelled,100,4ebcebfe-1a1a-437c-9ba1-96adc43d9d08,adid,,device_id
2270,,,They Smelled,100,716d9f49-52fc-434d-a8d1-4e85a05fde7d,adid,,device_id
2270,,,They Smelled,100,9fa8290e-24d4-43f6-bcf2-7d68c3e271ed,adid,,device_id
2270,,,They Smelled,100,6334becc-a242-4a92-882e-a672add6105f,adid,,device_id
2270,,,They Smelled,100,5740e1c5-933e-4be2-aaa0-094975475ca2,adid,,device_id
2270,,,They Smelled,100,3ae21854-ae42-498d-8c9d-5efd3f4e4b7c,adid,,device_id
2270,,,They Smelled,100,42abe5cf-1fcc-4a2a-a54e-3671f0e5ac74,adid,,device_id
2270,,,They Smelled,100,9a6a40a4-b6c5-412a-9ed4-01edb59d96b1,adid,,device_id
2270,,,They Smelled,100,9dcee592-56cd-475b-9f78-1b6d9714cb8b,adid,,device_id
2270,,,They Smelled,100,479fb544-b803-48b4-ac0f-9291cafa0a66,adid,,device_id
2270,,,They Smelled,100,28cd71d8-757a-433e-9ae5-ae20c44d7b8d,adid,,device_id
2270,,,They Smelled,100,2ed33ead-d8ab-43e2-94fd-b02274bf5f79,adid,,device_id
2270,,,They Smelled,100,84c949fe-5e0a-4396-9e0f-a829d56cf99a,adid,,device_id
2270,,,They Smelled,100,44cc1f50-7f4c-445a-84e9-db13da6a80a4,adid,,device_id
2270,,,They Smelled,100,9802fdd8-1c21-465b-943e-fc487a4db7d8,adid,,device_id
2270,,,They Smelled,100,b592f66c-d78c-4096-9da8-78434da5c389,adid,,device_id
2270,,,They Smelled,100,95cfeba5-c234-4af6-92ef-7bc9d79a8556,adid,,device_id
2270,,,They Smelled,100,6ec86748-ac23-4b08-9c8f-5746241647ae,adid,,device_id
2270,,,They Smelled,100,8e6e4596-6848-4e07-ae71-82cb49094c97,adid,,device_id
2270,,,They Smelled,100,73feab1d-a5d5-409a-a44b-70e702b358e0,adid,,device_id
2270,,,They Smelled,100,f2778d93-50ed-4b71-8dfa-ee63e131cd2c,adid,,device_id
2270,,,They Smelled,100,3cb2b34a-8cf9-4573-8e49-597deef81955,adid,,device_id
2270,,,They Smelled,100,21eaf55b-4d4d-47d3-838a-c6ea97c048f6,adid,,device_id
2270,,,They Smelled,100,514e6d5a-8180-42ac-bbc2-4477eb70215a,adid,,device_id
2270,,,They Smelled,100,294a917b-8e3d-455c-bce5-8ae0a535935a,adid,,device_id
2270,,,They Smelled,100,08c1632b-5b5a-450e-aaea-7c248d056280,adid,,device_id
2270,,,They Smelled,100,2d8501b5-78ee-4f8e-988e-30c814b0b32d,adid,,device_id
2270,,,They Smelled,100,40029d98-c804-44c0-853c-dc4930d04296,adid,,device_id
2270,,,They Smelled,100,34b1ed66-a89e-4421-b83f-0b23066bb693,adid,,device_id
2270,,,They Smelled,100,2f1139ce-adfd-4ea5-84f4-4e4a77960346,adid,,device_id
2270,,,They Smelled,100,f675643c-4641-41c8-9a37-839eade8dcc5,adid,,device_id
2270,,,They Smelled,100,d58ff862-b8f0-4023-b0fc-91ff953752b1,adid,,device_id
2270,,,They Smelled,100,083ca497-ba10-4f79-88fc-1fa952ae4f8b,adid,,device_id
2270,,,They Smelled,100,7a408dac-b83a-48bc-b265-8fb987c4e21d,adid,,device_id
2270,,,They Smelled,100,4a6a1e47-0446-4364-bae3-3c8d567a2f69,adid,,device_id
2270,,,They Smelled,100,e1b16e44-1d83-4f5c-8265-e4908188cf7f,adid,,device_id
2270,,,They Smelled,100,5d178922-2b34-4cc7-bb8b-efaff8fbef03,adid,,device_id
2270,,,They Smelled,100,16e42508-3ec2-4f5d-b1e7-cc42d028a445,adid,,device_id
2270,,,They Smelled,100,5a98e001-7e47-461f-aa47-6d0c1a874aa2,adid,,device_id
2270,,,They Smelled,100,9ea5d6b7-7ea5-46c0-8c3a-3695f7d305e1,adid,,device_id
2270,,,They Smelled,100,1b9a9d06-3e86-4914-9b29-8b25ef84fe6f,adid,,device_id
2270,,,They Smelled,100,6dec086f-2e27-4cec-9697-dbbf4dcedd56,adid,,device_id
2270,,,They Smelled,100,92c9af4e-aae1-4fed-9260-df68a3044aea,adid,,device_id
2270,,,They Smelled,100,c686d76e-3af9-4952-9913-749c3016b80f,adid,,device_id
2270,,,They Smelled,100,67eb15a1-80be-4c0f-88ca-22b46873d86f,adid,,device_id
2270,,,They Smelled,100,94b4c299-d71b-422b-ad61-29fe643cd956,adid,,device_id
2270,,,They Smelled,100,5e16565e-16c4-49f8-a5f7-9a9b4e791920,adid,,device_id
2270,,,They Smelled,100,e577a2d5-5e38-4a05-b973-4726f0d962a9,adid,,device_id
2270,,,They Smelled,100,198ae18e-b68d-459c-8af8-b4e0c834949c,adid,,device_id
2270,,,They Smelled,100,31b1bcaa-5767-4e9f-8901-15687641bd4d,adid,,device_id
2270,,,They Smelled,100,b7f81b66-cdff-4cc2-b771-aaf8f7b05472,adid,,device_id
2270,,,They Smelled,100,9c1941e2-dbd2-4f21-817a-00c02d113ebb,adid,,device_id
2270,,,They Smelled,100,923c69f4-c1d6-4a2b-966f-e86f0fbf25b0,adid,,device_id
2270,,,They Smelled,100,88e7d575-f334-4052-8c0e-bbce6f102525,adid,,device_id
2270,,,They Smelled,100,64e14ee9-03fb-49ff-bab5-06f7a3d748ae,adid,,device_id
2270,,,They Smelled,100,0bde016b-fc2a-4396-9592-bce146188537,adid,,device_id
2270,,,They Smelled,100,395d4ec6-6f29-4986-99d7-5f65e79efa8b,adid,,device_id
2270,,,They Smelled,100,1fda837a-7ed0-46f9-a742-e84b71ba55c1,adid,,device_id
2270,,,They Smelled,100,373befd3-a730-4e0c-aaab-9a634319171d,adid,,device_id
2270,,,They Smelled,100,d18a1b8b-d9ed-4a82-b376-ba257b1294f1,adid,,device_id
2270,,,They Smelled,100,58B37D8E-CFC3-43A8-A65A-77AB986B2962,idfa,,device_id
2270,,,They Smelled,100,11F6A510-1B3D-46F1-BC0A-7365C0DBBC40,idfa,,device_id
2270,,,They Smelled,100,D0256ED5-0678-4238-B9D8-FBCAEBD63D17,idfa,,device_id
2270,,,They Smelled,100,F2ABB3D0-67D9-41EC-B33D-A8E893E1F28B,idfa,,device_id
2270,,,They Smelled,100,71D528A7-07BD-470B-BE8A-11989CC40765,idfa,,device_id
2270,,,They Smelled,100,9FE1C619-6042-408B-9398-F3B77E819D1E,idfa,,device_id
2270,,,They Smelled,100,88EEB27B-4E54-4D2E-A66D-803FFB3F3F62,idfa,,device_id
2270,,,They Smelled,100,039E06DD-75F0-4623-8C76-B9F90A780A5D,idfa,,device_id
2270,,,They Smelled,100,C49B2D32-3892-41F1-8358-801D7323709D,idfa,,device_id
2270,,,They Smelled,100,FF54F5EF-8207-4F67-AB75-77F2D56F7E58,idfa,,device_id
2270,,,They Smelled,100,4B04B4FD-ADFC-4039-B4EB-26AD9AD4668D,idfa,,device_id
2270,,,They Smelled,100,4E9E91F8-ABB5-4C8E-B652-347DA60AD4C4,idfa,,device_id
2270,,,They Smelled,100,B2DA5F2D-6B77-41CA-BFD0-C377C4223FC6,idfa,,device_id
2270,,,They Smelled,100,938AE114-9CAD-44B3-8F6A-82C307E8FC93,idfa,,device_id
2270,,,They Smelled,100,2F548B04-740A-4E6A-9C5E-FE5F56EC51C5,idfa,,device_id
2270,,,They Smelled,100,D046F9E9-CEB1-4B6D-B21E-74B8B7C35ADA,idfa,,device_id
2270,,,They Smelled,100,CF5CEF4F-ED2D-461E-B44E-D6468746F996,idfa,,device_id
2270,,,They Smelled,100,214F3AE8-8169-4475-99CD-F7C3586466FB,idfa,,device_id
2270,,,They Smelled,100,80AAB85A-F378-4EC5-A7CB-FD66752C96AB,idfa,,device_id
2270,,,They Smelled,100,E0995A2C-2607-49AF-BBB4-7AF1FC65DF34,idfa,,device_id
2270,,,They Smelled,100,468B1121-0911-4C9B-BB3C-3C16F3C69E54,idfa,,device_id
2270,,,They Smelled,100,BBAC3122-E62A-49D7-A60F-4FF51CB44E47,idfa,,device_id
2270,,,They Smelled,100,B3803B6D-6321-4976-A2E8-F889643BD0E8,idfa,,device_id
2270,,,They Smelled,100,99A27E50-D8BD-4A00-ABA4-6468A0229C9C,idfa,,device_id
2270,,,They Smelled,100,93B68774-4E3A-44BD-B69A-987D80AB45DA,idfa,,device_id
2270,,,They Smelled,100,601D1858-203B-4593-A929-DD54176C2A52,idfa,,device_id
2270,,,They Smelled,100,F262D2C4-913E-43B3-A1BB-4ECFF4C0AF72,idfa,,device_id
2270,,,They Smelled,100,D0C5A0E0-26A5-4B02-B2FA-BC17AC861EF2,idfa,,device_id
2270,,,They Smelled,100,6B9F62AC-A477-4E90-85AA-F8552DFE017C,idfa,,device_id
2270,,,They Smelled,100,63A84EBF-14DC-4AF2-BCB3-EC491BE858A4,idfa,,device_id
2270,,,They Smelled,100,86560A7D-B25C-494E-83BE-3F120DE40319,idfa,,device_id
2270,,,They Smelled,100,0B271A6F-2793-4131-ABF1-4AE6277A2A99,idfa,,device_id
2270,,,They Smelled,100,F194C7C3-9158-4963-9FB6-78661A0705B6,idfa,,device_id
2270,,,They Smelled,100,6C09C9B8-5E20-4D75-BACF-C5B0E67421F2,idfa,,device_id
2270,,,They Smelled,100,22724C92-C7A5-4C69-BDE6-5D0B0779191B,idfa,,device_id
2270,,,They Smelled,100,6DD42F63-9921-48FD-B9B5-E3776D6C353A,idfa,,device_id
2270,,,They Smelled,100,41E84001-A7BC-47D3-BB0E-D9B923FCA335,idfa,,device_id
2270,,,They Smelled,100,2462D7EB-1363-490D-ADBA-41F537423CC4,idfa,,device_id
2270,,,They Smelled,100,FC3E2631-0B3F-40BC-B8BA-4C12C1AD02BA,idfa,,device_id
2270,,,They Smelled,100,F6426DCA-2B8D-4BBA-8016-0D055B5A9909,idfa,,device_id
2270,,,They Smelled,100,85306255-CA22-48EC-A94D-861CF0D6ED9C,idfa,,device_id
2270,,,They Smelled,100,9EFA6E35-D0E8-4054-9C38-23E82A192140,idfa,,device_id
2270,,,They Smelled,100,829D22F2-B420-49DF-97DA-C7CC0149CFA4,idfa,,device_id
2270,,,They Smelled,100,CB037503-C0F4-4E27-9F8A-278D9ABACBC7,idfa,,device_id
2270,,,They Smelled,100,F903C433-A71B-4D8A-A153-BD83F06AD805,idfa,,device_id
2270,,,They Smelled,100,559F155A-F628-4332-AEE1-226964365616,idfa,,device_id
2270,,,They Smelled,100,B47BCEC0-1F65-40FD-9A0F-B706D5ED9B13,idfa,,device_id
2270,,,They Smelled,100,B0218864-02BA-42FC-B18F-3ED0E8AAD5BB,idfa,,device_id
2270,,,They Smelled,100,C205406A-1445-4B7E-81DA-979FB599FC63,idfa,,device_id
2270,,,They Smelled,100,A24D9613-5DD5-4482-95D5-A3D72E617863,idfa,,device_id
2270,,,They Smelled,100,AC229F32-B65F-4E6C-B72C-7D015D4B95C7,idfa,,device_id
2270,,,They Smelled,100,C0E6055A-BCEB-4D7A-BC50-0607BFEF0EBD,idfa,,device_id
2270,,,They Smelled,100,4AA592BD-C6C2-4C1F-9853-8E486E0CB34D,idfa,,device_id
2270,,,They Smelled,100,EDC5E228-BE9E-4257-B706-30C162A2988E,idfa,,device_id
2270,,,They Smelled,100,55E84FA3-4A66-48DE-8769-5FBDB1AAEC5C,idfa,,device_id
2270,,,They Smelled,100,4150EB58-CCC1-4FCC-8A91-F42790C00725,idfa,,device_id
2270,,,They Smelled,100,AAC3E90F-86AD-4D0B-99FD-C0ECF0E3B4A3,idfa,,device_id
2270,,,They Smelled,100,B2317C98-D4FA-48E1-B9D4-E98E136D8C2C,idfa,,device_id
2270,,,They Smelled,100,3E92F2CE-C720-400C-B18B-1C34E997E882,idfa,,device_id
2270,,,They Smelled,100,7B48628C-CFDF-4F97-BB2E-BF8684A04796,idfa,,device_id
2270,,,They Smelled,100,93224495-BC6E-44B8-BAD3-523DB3865025,idfa,,device_id
2270,,,They Smelled,100,B7102811-CC7E-4559-B4D3-F67F36E57CE2,idfa,,device_id
2270,,,They Smelled,100,01B1F9B3-F201-41D8-A757-65A2192F3A56,idfa,,device_id
2270,,,They Smelled,100,278AB07B-4B8D-4932-B33C-4D8DCDBEB290,idfa,,device_id
2270,,,They Smelled,100,E8FDAE59-B974-4661-9722-ED145A3EEA75,idfa,,device_id
2270,,,They Smelled,100,3FAD0DB5-80B8-4244-A07B-3CE0B1FD8D59,idfa,,device_id
2270,,,They Smelled,100,8777B8A1-1BAC-41F0-857B-F2D91EC7DF01,idfa,,device_id
2270,,,They Smelled,100,6D0A9D37-39EE-4654-BF59-0C27557E5D50,idfa,,device_id
2270,,,They Smelled,100,FEFC446B-D178-465D-8F62-C515435F0DF1,idfa,,device_id
2270,,,They Smelled,100,3F7EE8D4-1B92-4152-8A10-E81BE2BAC8D0,idfa,,device_id
2270,,,They Smelled,100,2379DEAF-3F20-437D-AA86-A027D0A7BBE2,idfa,,device_id
2270,,,They Smelled,100,FD41F272-F454-4924-8CA1-7BBE22730106,idfa,,device_id
2270,,,They Smelled,100,1C227881-207F-4D64-A100-BF7EF81FB745,idfa,,device_id
2270,,,They Smelled,100,0B826597-CD5B-488F-9124-C6E48D0002F2,idfa,,device_id
2270,,,They Smelled,100,59693069-64F9-4514-8DB9-25C9923AECB1,idfa,,device_id
2270,,,They Smelled,100,31130234-B101-4804-BF54-B82ACAF7E9C1,idfa,,device_id
2270,,,They Smelled,100,C435087F-18D6-43F5-8D16-85F50509627B,idfa,,device_id
2270,,,They Smelled,100,5EA92B06-EBBB-4EE9-B1B6-56380C84C4A1,idfa,,device_id
2270,,,They Smelled,100,DA4ECA57-D9F4-4316-B603-56B7F4C01B7F,idfa,,device_id
2270,,,They Smelled,100,3DD066E5-56F3-42F8-A0FF-1AEC54AB4B5E,idfa,,device_id
2270,,,They Smelled,100,799BF929-500D-455A-856C-A8D5760B5E5A,idfa,,device_id
2270,,,They Smelled,100,7B86C970-D587-47D4-9863-7A8F8CB759C8,idfa,,device_id
2270,,,They Smelled,100,8AA25C29-BA9E-44CD-80B4-8522EB113323,idfa,,device_id
2270,,,They Smelled,100,C0591F5F-EF3F-49C1-A8BF-A6FD75DDC694,idfa,,device_id
2270,,,They Smelled,100,E7B2FA6A-C20C-49E3-AC67-18B0B510F817,idfa,,device_id
2270,,,They Smelled,100,891C822B-61CF-4108-8926-7EF67096EE5A,idfa,,device_id
2270,,,They Smelled,100,B0DED718-3E0E-4445-93DC-66E3590214EA,idfa,,device_id
2270,,,They Smelled,100,87BBEA6D-78C5-4FE9-843D-96A272FC3232,idfa,,device_id
2270,,,They Smelled,100,126B2ACB-D018-4A6D-AFD4-88B4C1854402,idfa,,device_id
2270,,,They Smelled,100,113A7C73-F37A-4BAD-9849-AC261C578E8D,idfa,,device_id
2270,,,They Smelled,100,E3297B4F-EA5C-403F-8B5A-2012882B6757,idfa,,device_id
2270,,,They Smelled,100,068DF674-FC54-4D05-AFB0-D9AC724D9850,idfa,,device_id
2270,,,They Smelled,100,01C0F58C-DFAB-4C06-91FD-CA3B2E93A0F0,idfa,,device_id
2270,,,They Smelled,100,9E30855C-BE5C-41CD-8141-222DC3302D4B,idfa,,device_id
2270,,,They Smelled,100,74ECCD56-4A44-4217-A886-1E2527B8E2BD,idfa,,device_id
2270,,,They Smelled,100,85173F51-A771-43F8-905D-8141261D0BC7,idfa,,device_id
2270,,,They Smelled,100,1715AC5B-DAD5-4415-BE10-1B5EB965AF50,idfa,,device_id
2270,,,They Smelled,100,B6A11FCE-CC54-4EA6-8A10-5712BE3415BE,idfa,,device_id
2270,,,They Smelled,100,E8BD3B7D-0B10-4E89-A102-951343A0A1E5,idfa,,device_id
2270,,,They Smelled,100,631678EB-2F9B-436F-934E-D4157F1366AB,idfa,,device_id
2270,,,They Smelled,100,69977341-F122-474E-9F16-F9BA8F7B8D4F,idfa,,device_id
2270,,,They Smelled,100,4E44ACA1-7703-47AC-8CDB-2E2C09EEDE79,idfa,,device_id
2270,,,They Smelled,100,2831D48D-ED62-4034-A3A0-1B8B1495BEDB,idfa,,device_id
2270,,,They Smelled,100,D807B292-0318-47F9-BBC6-38597EE00BAB,idfa,,device_id
2270,,,They Smelled,100,2F258D61-C211-4A45-8E60-9805A596CDB8,idfa,,device_id
2270,,,They Smelled,100,F83916D3-C017-47E8-AB3E-E5A80F288355,idfa,,device_id
2270,,,They Smelled,100,1470AC7C-0450-4C1A-9E24-EA8A953A7DB1,idfa,,device_id
2270,,,They Smelled,100,0AB33C90-D899-4395-9BC8-43D579230B2C,idfa,,device_id
2270,,,They Smelled,100,E4A432C6-8F3C-430E-BDFF-5E6C0FABD195,idfa,,device_id
2270,,,They Smelled,100,BCAC81BE-AFAB-4C37-8E73-F442B091047F,idfa,,device_id
2270,,,They Smelled,100,BD638D90-96E4-4D75-A89D-30DB5DD8E95B,idfa,,device_id
2270,,,They Smelled,100,18EF6F38-9AA5-4355-8633-6A92E5C3F2A2,idfa,,device_id
2270,,,They Smelled,100,5C841A1B-9A21-49C1-9450-430328318DC4,idfa,,device_id
2270,,,They Smelled,100,C4C45FDC-3092-4ACE-B651-6855B97F40B3,idfa,,device_id
2270,,,They Smelled,100,0EA7BB42-3353-42C2-BA44-5EB6671E9EA1,idfa,,device_id
2270,,,They Smelled,100,CB424C93-C50D-4394-AD19-E34CC2A20EC7,idfa,,device_id
2270,,,They Smelled,100,03EE04B4-5B32-4D89-B1AA-3DC4FC5CFB87,idfa,,device_id
2270,,,They Smelled,100,F0C98A38-0648-49F4-B03F-1D7DA0FD4BCC,idfa,,device_id
2270,,,They Smelled,100,A7810605-4C20-48AA-BAE9-BA0628FB064D,idfa,,device_id
2270,,,They Smelled,100,B18FD316-9DE0-4CE9-BDA3-BCEB4DD74D1C,idfa,,device_id
2270,,,They Smelled,100,87DFA6E5-35A0-4E2A-9BF2-7D3689D0A2DD,idfa,,device_id
2270,,,They Smelled,100,A21F5D63-03E7-4B2C-948B-C415E84AC962,idfa,,device_id
2270,,,They Smelled,100,911F76A2-F4E2-4E64-A285-DBD671651623,idfa,,device_id
2270,,,They Smelled,100,ABFC15C8-CEEE-4D9B-A1E0-FE075310A8E0,idfa,,device_id
2270,,,They Smelled,100,E13FA387-5034-4174-9060-3BD855810976,idfa,,device_id
2270,,,They Smelled,100,9D4710B5-3C03-4D8B-A3CE-2A04CCEE292A,idfa,,device_id
2270,,,They Smelled,100,DB9BDDCE-1F80-40F4-88A0-61B68864260F,idfa,,device_id
2270,,,They Smelled,100,99F8F015-5CE7-4B4E-9C69-99E806960A5C,idfa,,device_id
2270,,,They Smelled,100,A94A4003-14A0-4148-873B-0327E037993B,idfa,,device_id
2270,,,They Smelled,100,75088364-1CD0-4541-8604-C6125295D52D,idfa,,device_id
2270,,,They Smelled,100,65C520CA-F111-4532-98F8-2EB4C1A16F15,idfa,,device_id
2270,,,They Smelled,100,D5AC841B-32A1-45FB-B792-50C2ACED6B0B,idfa,,device_id
2270,,,They Smelled,100,BF280217-5E05-4401-A625-4E4F113E539E,idfa,,device_id
2270,,,They Smelled,100,F65C3EDD-28C3-4DCA-A191-985FB61C9F55,idfa,,device_id
2270,,,They Smelled,100,98936727-8EC3-434B-A9D2-A79CD37239FA,idfa,,device_id
2270,,,They Smelled,100,0DFFD344-9B2C-49E4-9245-662B9766431A,idfa,,device_id
2270,,,They Smelled,100,775C0DFB-B224-4793-B7B9-63589970DBCF,idfa,,device_id
2270,,,They Smelled,100,BD2C9C8E-E215-4BB5-97FA-5633919AA35A,idfa,,device_id
2270,,,They Smelled,100,4893-227992,idfa,,device_id
2270,,,They Smelled,100,4908-7909589,idfa,,device_id
2270,,,They Smelled,100,4908-34565,idfa,,device_id
2270,,,They Smelled,100,4908-48849434,idfa,,device_id
2270,,,They Smelled,100,4908-6419334,idfa,,device_id
2270,,,They Smelled,100,33D94B1B-DCBB-4713-BFFC-9E2B9E80FE89,idfa,,device_id
2270,,,They Smelled,100,4908-34558,idfa,,device_id
2270,,,They Smelled,100,4908-ID_OF_YOUR_PUBLISHER,idfa,,device_id
2270,,,They Smelled,100,4908-5438709,idfa,,device_id
2270,,,They Smelled,100,4908-4787784,idfa,,device_id
2270,,,They Smelled,100,4908-25442351,idfa,,device_id
2270,,,They Smelled,100,1C9E569E-3B90-49DD-BC22-4D0556141B8A,idfa,,device_id
2270,,,They Smelled,100,4908-36226,idfa,,device_id
2270,,,They Smelled,100,94EBA813-DD72-4B15-9AC0-208571BEB87C,idfa,,device_id
2270,,,They Smelled,100,4908-64818867,idfa,,device_id
2270,,,They Smelled,100,2DE355FD-E885-460F-806F-82E1B38646E0,idfa,,device_id
2270,,,They Smelled,100,4908-8046110,idfa,,device_id
2270,,,They Smelled,100,4908-65287292,idfa,,device_id
2270,,,They Smelled,100,4908-64181048,idfa,,device_id
2270,,,They Smelled,100,4908-7383177,idfa,,device_id
2270,,,They Smelled,100,4893-C7B81479-DC1E-4F25-B4FD-7772D0A1520D,idfa,,device_id
2270,,,They Smelled,100,4893-583A22F1-C23D-40BB-BA4E-7F0C14EF5446,idfa,,device_id
2270,,,They Smelled,100,4908-34513,idfa,,device_id
2270,,,They Smelled,100,566-1382_203618035,idfa,,device_id
2270,,,They Smelled,100,D899290E-B082-48A9-9491-C04CD882640C,idfa,,device_id
2270,,,They Smelled,100,4908-9661779,idfa,,device_id
2270,,,They Smelled,100,4893-209292,idfa,,device_id
2270,,,They Smelled,100,606E8840-D1CB-4694-8724-23EBF98A3078,idfa,,device_id
2270,,,They Smelled,100,1DC60295-9E01-4005-9AF1-4B4F2ECC0E03,idfa,,device_id
2270,,,They Smelled,100,4908-26191164,idfa,,device_id
2270,,,They Smelled,100,988C1A25-CCA6-415B-A454-A31FBF58793D,idfa,,device_id
2270,,,They Smelled,100,D23C62A5-DDF4-49E0-8A15-C551E84480A7,idfa,,device_id
2270,,,They Smelled,100,A0F3F880-4C9E-43EC-B487-DA4FEDC9B938,idfa,,device_id
2270,,,They Smelled,100,4908-18595109,idfa,,device_id
2270,,,They Smelled,100,EF665D30-8F15-4390-954B-530EB140291A,idfa,,device_id
2270,,,They Smelled,100,B979E27F-5E01-45FC-B10C-0F29E76CCC20,idfa,,device_id
2270,,,They Smelled,100,3CBFD25D-C1AC-4D14-A2EE-DB10842818B2,idfa,,device_id
2270,,,They Smelled,100,784A5A06-4E3F-4DAD-8C78-4E89C311FA66,idfa,,device_id
2270,,,They Smelled,100,60D685E2-053E-48EE-B9D4-36FADFC97629,idfa,,device_id
2270,,,They Smelled,100,EED6DB73-B0E2-4514-AED1-33EBF346C711,idfa,,device_id
2270,,,They Smelled,100,F2B9A20F-6660-41B4-A2F0-53CCEBB8E9F8,idfa,,device_id
2270,,,They Smelled,100,4908-32437,idfa,,device_id
2270,,,They Smelled,100,5DEC4E66-FDB4-4529-ADE8-884BA0C4264D,idfa,,device_id
2270,,,They Smelled,100,759945DD-277E-40F6-9742-3F0173AE79CC,idfa,,device_id
2270,,,They Smelled,100,32B486B9-9759-43F0-B199-8A97FCCE559C,idfa,,device_id
2270,,,They Smelled,100,70CE9A29-0732-4F1F-B186-25A544399105,idfa,,device_id
2270,,,They Smelled,100,6E31C8A8-97F4-4256-BF3E-4E2C8EA78FFC,idfa,,device_id
2270,,,They Smelled,100,57C626D6-9910-47DE-ADC4-D8E7C6A91AE5,idfa,,device_id
2270,,,They Smelled,100,B2DE3421-C0E2-44E6-89C3-1FB7E2003E1C,idfa,,device_id
2270,,,They Smelled,100,F4418B6E-A565-4BA0-8F8F-FB3FE9BB2895,idfa,,device_id
